{
	"info": {
		"_postman_id": "b30f2a83-82f8-49b7-bf7e-b3b3796e28ee",
		"name": "Enterprise_Exam",
		"schema": "https://schema.getpostman.com/json/collection/v2.1.0/collection.json"
	},
	"item": [
		{
			"name": "createAdmin",
			"event": [
				{
					"listen": "test",
					"script": {
						"id": "44e9f1b2-00a7-4ad9-9394-5e93a320a714",
						"exec": [
							"var cookie = postman.getResponseCookie(\"SESSION\");",
							"",
							"pm.environment.set(\"adminSessionToken\", cookie.value);",
							"console.log(pm.environment.get(\"adminSessionToken\"));"
						],
						"type": "text/javascript"
					}
				}
			],
			"request": {
				"auth": {
					"type": "noauth"
				},
				"method": "POST",
				"header": [
					{
						"key": "Accept",
						"type": "text",
						"value": "application/json"
					},
					{
						"key": "Content-Type",
						"name": "Content-Type",
						"type": "text",
						"value": "application/json"
					}
				],
				"body": {
					"mode": "raw",
					"raw": "{\n\t\"password\": \"admin\",\n\t\"secretPassword\": \"2y12wePwvk5P63kb8XqlvXcWeqpW6cNdbY8xPn6gazUIRMhJTYuBfvW6\",\n\t\"userInfo\": {\n\t\t\"username\": \"admin\",\n\t\t\"dateOfBirth\": \"2000-01-01\",\n\t\t\"name\": \"Admin\",\n\t\t\"email\": \"admin@gmail.com\"\n\t}\n}"
				},
				"url": {
					"raw": "http://localhost:10000/auth-service/signup",
					"protocol": "http",
					"host": [
						"localhost"
					],
					"port": "10000",
					"path": [
						"auth-service",
						"signup"
					]
				}
			},
			"response": []
		},
		{
			"name": "createCinema1",
			"event": [
				{
					"listen": "test",
					"script": {
						"id": "44e9f1b2-00a7-4ad9-9394-5e93a320a714",
						"exec": [
							"var jsonData = pm.response.json();",
							"pm.environment.set(\"cinemaId1\", jsonData.data.list[0].id);",
							"",
							"var code = pm.environment.get(\"cinemaId1\");",
							"console.log(code);",
							"",
							"pm.test(\"statusCodeTest\", function () {",
							"    var jsonData = pm.response.json();",
							"    pm.expect(jsonData.code).to.eql(201);",
							"    pm.expect(jsonData.status).to.eql(\"SUCCESS\");",
							"});"
						],
						"type": "text/javascript"
					}
				}
			],
			"request": {
				"auth": {
					"type": "bearer",
					"bearer": [
						{
							"key": "token",
							"value": "{{adminSessionToken}}",
							"type": "string"
						}
					]
				},
				"method": "POST",
				"header": [
					{
						"key": "Content-Type",
						"name": "Content-Type",
						"value": "application/json",
						"type": "text"
					}
				],
				"body": {
					"mode": "raw",
					"raw": "{\n    \"name\": \"Ringen\",\n    \"location\": \"Oslo\"\n}"
				},
				"url": {
					"raw": "http://localhost:10000/cinema-service/cinemas",
					"protocol": "http",
					"host": [
						"localhost"
					],
					"port": "10000",
					"path": [
						"cinema-service",
						"cinemas"
					]
				}
			},
			"response": []
		},
		{
			"name": "createCinema2",
			"event": [
				{
					"listen": "test",
					"script": {
						"id": "44e9f1b2-00a7-4ad9-9394-5e93a320a714",
						"exec": [
							"var jsonData = pm.response.json();",
							"pm.environment.set(\"cinemaId2\", jsonData.data.list[0].id);",
							"",
							"var code = pm.environment.get(\"cinemaId2\");",
							"console.log(code);",
							"",
							"pm.test(\"statusCodeTest\", function () {",
							"    var jsonData = pm.response.json();",
							"    pm.expect(jsonData.code).to.eql(201);",
							"    pm.expect(jsonData.status).to.eql(\"SUCCESS\");",
							"});"
						],
						"type": "text/javascript"
					}
				}
			],
			"request": {
				"auth": {
					"type": "bearer",
					"bearer": [
						{
							"key": "token",
							"value": "{{adminSessionToken}}",
							"type": "string"
						}
					]
				},
				"method": "POST",
				"header": [
					{
						"key": "Content-Type",
						"name": "Content-Type",
						"type": "text",
						"value": "application/json"
					}
				],
				"body": {
					"mode": "raw",
					"raw": "{\n    \"name\": \"Vika\",\n    \"location\": \"Oslo\"\n}"
				},
				"url": {
					"raw": "http://localhost:10000/cinema-service/cinemas",
					"protocol": "http",
					"host": [
						"localhost"
					],
					"port": "10000",
					"path": [
						"cinema-service",
						"cinemas"
					]
				}
			},
			"response": []
		},
		{
			"name": "createRoom11",
			"event": [
				{
					"listen": "test",
					"script": {
						"id": "44e9f1b2-00a7-4ad9-9394-5e93a320a714",
						"exec": [
							"var jsonData = pm.response.json();",
							"pm.environment.set(\"roomId11\", jsonData.data.list[0].id);",
							"",
							"var code = pm.environment.get(\"roomId11\");",
							"console.log(code);",
							"",
							"pm.test(\"statusCodeTest\", function () {",
							"    var jsonData = pm.response.json();",
							"    pm.expect(jsonData.code).to.eql(201);",
							"    pm.expect(jsonData.status).to.eql(\"SUCCESS\");",
							"});"
						],
						"type": "text/javascript"
					}
				}
			],
			"request": {
				"auth": {
					"type": "bearer",
					"bearer": [
						{
							"key": "token",
							"value": "{{adminSessionToken}}",
							"type": "string"
						}
					]
				},
				"method": "POST",
				"header": [
					{
						"key": "Content-Type",
						"name": "Content-Type",
						"type": "text",
						"value": "application/json"
					}
				],
				"body": {
					"mode": "raw",
					"raw": "{\n    \"name\": \"Sal 1\",\n    \"cinemaId\": \"{{cinemaId1}}\",\n    \"seats\": [\"A1\", \"A2\", \"A3\", \"A4\", \"A5\", \"A6\", \"A7\", \"A8\", \"A9\", \"A10\", \"A11\", \"A12\", \"A13\", \"A14\",\n                \"B1\", \"B2\", \"B3\", \"B4\", \"B5\", \"B6\", \"B7\", \"B8\", \"B9\", \"B10\", \"B11\", \"B12\", \"B13\", \"B14\",\n                \"C1\", \"C2\", \"C3\", \"C4\", \"C5\", \"C6\", \"C7\", \"C8\", \"C9\", \"C10\", \"C11\", \"C12\", \"C13\", \"C14\",\n                \"D1\", \"D2\", \"D3\", \"D4\", \"D5\", \"D6\", \"D7\", \"D8\", \"D9\", \"D10\", \"D11\", \"D12\", \"D13\", \"D14\",\n                \"E1\", \"E2\", \"E3\", \"E4\", \"E5\", \"E6\", \"E7\", \"E8\", \"E9\", \"E10\", \"E11\", \"E12\", \"E13\", \"E14\",\n                \"F1\", \"F2\", \"F3\", \"F4\", \"F5\", \"F6\", \"F7\", \"F8\", \"F9\", \"F10\", \"F11\", \"F12\", \"F13\", \"F14\",\n                \"G1\", \"G2\", \"G3\", \"G4\", \"G5\", \"G6\", \"G7\", \"G8\", \"G9\", \"G10\", \"G11\", \"G12\", \"G13\", \"G14\"]\n}"
				},
				"url": {
					"raw": "http://localhost:10000/cinema-service/cinemas/{{cinemaId1}}/rooms",
					"protocol": "http",
					"host": [
						"localhost"
					],
					"port": "10000",
					"path": [
						"cinema-service",
						"cinemas",
						"{{cinemaId1}}",
						"rooms"
					]
				}
			},
			"response": []
		},
		{
			"name": "createRoom12",
			"event": [
				{
					"listen": "test",
					"script": {
						"id": "44e9f1b2-00a7-4ad9-9394-5e93a320a714",
						"exec": [
							"var jsonData = pm.response.json();",
							"pm.environment.set(\"roomId12\", jsonData.data.list[0].id);",
							"",
							"var code = pm.environment.get(\"roomId12\");",
							"console.log(code);",
							"",
							"pm.test(\"statusCodeTest\", function () {",
							"    var jsonData = pm.response.json();",
							"    pm.expect(jsonData.code).to.eql(201);",
							"    pm.expect(jsonData.status).to.eql(\"SUCCESS\");",
							"});"
						],
						"type": "text/javascript"
					}
				}
			],
			"request": {
				"auth": {
					"type": "bearer",
					"bearer": [
						{
							"key": "token",
							"value": "{{adminSessionToken}}",
							"type": "string"
						}
					]
				},
				"method": "POST",
				"header": [
					{
						"key": "Content-Type",
						"name": "Content-Type",
						"type": "text",
						"value": "application/json"
					}
				],
				"body": {
					"mode": "raw",
					"raw": "{\n    \"name\": \"Sal 2\",\n    \"cinemaId\": \"{{cinemaId1}}\",\n    \"seats\": [\"A1\", \"A2\", \"A3\", \"A4\", \"A5\", \"A6\", \"A7\", \"A8\", \"A9\", \"A10\", \"A11\", \"A12\", \"A13\", \"A14\",\n                \"B1\", \"B2\", \"B3\", \"B4\", \"B5\", \"B6\", \"B7\", \"B8\", \"B9\", \"B10\", \"B11\", \"B12\", \"B13\", \"B14\",\n                \"C1\", \"C2\", \"C3\", \"C4\", \"C5\", \"C6\", \"C7\", \"C8\", \"C9\", \"C10\", \"C11\", \"C12\", \"C13\", \"C14\",\n                \"D1\", \"D2\", \"D3\", \"D4\", \"D5\", \"D6\", \"D7\", \"D8\", \"D9\", \"D10\", \"D11\", \"D12\", \"D13\", \"D14\",\n                \"E1\", \"E2\", \"E3\", \"E4\", \"E5\", \"E6\", \"E7\", \"E8\", \"E9\", \"E10\", \"E11\", \"E12\", \"E13\", \"E14\",\n                \"F1\", \"F2\", \"F3\", \"F4\", \"F5\", \"F6\", \"F7\", \"F8\", \"F9\", \"F10\", \"F11\", \"F12\", \"F13\", \"F14\",\n                \"G1\", \"G2\", \"G3\", \"G4\", \"G5\", \"G6\", \"G7\", \"G8\", \"G9\", \"G10\", \"G11\", \"G12\", \"G13\", \"G14\"]\n}"
				},
				"url": {
					"raw": "http://localhost:10000/cinema-service/cinemas/{{cinemaId1}}/rooms",
					"protocol": "http",
					"host": [
						"localhost"
					],
					"port": "10000",
					"path": [
						"cinema-service",
						"cinemas",
						"{{cinemaId1}}",
						"rooms"
					]
				}
			},
			"response": []
		},
		{
			"name": "createRoom21",
			"event": [
				{
					"listen": "test",
					"script": {
						"id": "44e9f1b2-00a7-4ad9-9394-5e93a320a714",
						"exec": [
							"var jsonData = pm.response.json();",
							"pm.environment.set(\"roomId21\", jsonData.data.list[0].id);",
							"",
							"var code = pm.environment.get(\"roomId21\");",
							"console.log(code);",
							"",
							"pm.test(\"statusCodeTest\", function () {",
							"    var jsonData = pm.response.json();",
							"    pm.expect(jsonData.code).to.eql(201);",
							"    pm.expect(jsonData.status).to.eql(\"SUCCESS\");",
							"});"
						],
						"type": "text/javascript"
					}
				}
			],
			"request": {
				"auth": {
					"type": "bearer",
					"bearer": [
						{
							"key": "token",
							"value": "{{adminSessionToken}}",
							"type": "string"
						}
					]
				},
				"method": "POST",
				"header": [
					{
						"key": "Content-Type",
						"name": "Content-Type",
						"type": "text",
						"value": "application/json"
					}
				],
				"body": {
					"mode": "raw",
					"raw": "{\n    \"name\": \"Sal 1\",\n    \"cinemaId\": \"{{cinemaId2}}\",\n    \"seats\": [\"A1\", \"A2\", \"A3\", \"A4\", \"A5\", \"A6\", \"A7\", \"A8\", \"A9\", \"A10\", \"A11\", \"A12\", \"A13\", \"A14\",\n                \"B1\", \"B2\", \"B3\", \"B4\", \"B5\", \"B6\", \"B7\", \"B8\", \"B9\", \"B10\", \"B11\", \"B12\", \"B13\", \"B14\",\n                \"C1\", \"C2\", \"C3\", \"C4\", \"C5\", \"C6\", \"C7\", \"C8\", \"C9\", \"C10\", \"C11\", \"C12\", \"C13\", \"C14\",\n                \"D1\", \"D2\", \"D3\", \"D4\", \"D5\", \"D6\", \"D7\", \"D8\", \"D9\", \"D10\", \"D11\", \"D12\", \"D13\", \"D14\",\n                \"E1\", \"E2\", \"E3\", \"E4\", \"E5\", \"E6\", \"E7\", \"E8\", \"E9\", \"E10\", \"E11\", \"E12\", \"E13\", \"E14\",\n                \"F1\", \"F2\", \"F3\", \"F4\", \"F5\", \"F6\", \"F7\", \"F8\", \"F9\", \"F10\", \"F11\", \"F12\", \"F13\", \"F14\",\n                \"G1\", \"G2\", \"G3\", \"G4\", \"G5\", \"G6\", \"G7\", \"G8\", \"G9\", \"G10\", \"G11\", \"G12\", \"G13\", \"G14\"]\n}"
				},
				"url": {
					"raw": "http://localhost:10000/cinema-service/cinemas/{{cinemaId2}}/rooms",
					"protocol": "http",
					"host": [
						"localhost"
					],
					"port": "10000",
					"path": [
						"cinema-service",
						"cinemas",
						"{{cinemaId2}}",
						"rooms"
					]
				}
			},
			"response": []
		},
		{
			"name": "createRoom22",
			"event": [
				{
					"listen": "test",
					"script": {
						"id": "44e9f1b2-00a7-4ad9-9394-5e93a320a714",
						"exec": [
							"var jsonData = pm.response.json();",
							"pm.environment.set(\"roomId22\", jsonData.data.list[0].id);",
							"",
							"var code = pm.environment.get(\"roomId22\");",
							"console.log(code);",
							"",
							"pm.test(\"statusCodeTest\", function () {",
							"    var jsonData = pm.response.json();",
							"    pm.expect(jsonData.code).to.eql(201);",
							"    pm.expect(jsonData.status).to.eql(\"SUCCESS\");",
							"});"
						],
						"type": "text/javascript"
					}
				}
			],
			"request": {
				"auth": {
					"type": "bearer",
					"bearer": [
						{
							"key": "token",
							"value": "{{adminSessionToken}}",
							"type": "string"
						}
					]
				},
				"method": "POST",
				"header": [
					{
						"key": "Content-Type",
						"name": "Content-Type",
						"type": "text",
						"value": "application/json"
					}
				],
				"body": {
					"mode": "raw",
					"raw": "{\n    \"name\": \"Sal 2\",\n    \"cinemaId\": \"{{cinemaId2}}\",\n    \"seats\": [\"A1\", \"A2\", \"A3\", \"A4\", \"A5\", \"A6\", \"A7\", \"A8\", \"A9\", \"A10\", \"A11\", \"A12\", \"A13\", \"A14\",\n                \"B1\", \"B2\", \"B3\", \"B4\", \"B5\", \"B6\", \"B7\", \"B8\", \"B9\", \"B10\", \"B11\", \"B12\", \"B13\", \"B14\",\n                \"C1\", \"C2\", \"C3\", \"C4\", \"C5\", \"C6\", \"C7\", \"C8\", \"C9\", \"C10\", \"C11\", \"C12\", \"C13\", \"C14\",\n                \"D1\", \"D2\", \"D3\", \"D4\", \"D5\", \"D6\", \"D7\", \"D8\", \"D9\", \"D10\", \"D11\", \"D12\", \"D13\", \"D14\",\n                \"E1\", \"E2\", \"E3\", \"E4\", \"E5\", \"E6\", \"E7\", \"E8\", \"E9\", \"E10\", \"E11\", \"E12\", \"E13\", \"E14\",\n                \"F1\", \"F2\", \"F3\", \"F4\", \"F5\", \"F6\", \"F7\", \"F8\", \"F9\", \"F10\", \"F11\", \"F12\", \"F13\", \"F14\",\n                \"G1\", \"G2\", \"G3\", \"G4\", \"G5\", \"G6\", \"G7\", \"G8\", \"G9\", \"G10\", \"G11\", \"G12\", \"G13\", \"G14\"]\n}"
				},
				"url": {
					"raw": "http://localhost:10000/cinema-service/cinemas/{{cinemaId2}}/rooms",
					"protocol": "http",
					"host": [
						"localhost"
					],
					"port": "10000",
					"path": [
						"cinema-service",
						"cinemas",
						"{{cinemaId2}}",
						"rooms"
					]
				}
			},
			"response": []
		},
		{
			"name": "createGenre1",
			"event": [
				{
					"listen": "test",
					"script": {
						"id": "44e9f1b2-00a7-4ad9-9394-5e93a320a714",
						"exec": [
							"var jsonData = pm.response.json();",
							"pm.environment.set(\"genreId1\", jsonData.data.list[0].id);",
							"",
							"var code = pm.environment.get(\"genreId1\");",
							"console.log(code);",
							"",
							"pm.test(\"statusCodeTest\", function () {",
							"    var jsonData = pm.response.json();",
							"    pm.expect(jsonData.code).to.eql(201);",
							"    pm.expect(jsonData.status).to.eql(\"SUCCESS\");",
							"});"
						],
						"type": "text/javascript"
					}
				}
			],
			"request": {
				"auth": {
					"type": "bearer",
					"bearer": [
						{
							"key": "token",
							"value": "{{adminSessionToken}}",
							"type": "string"
						}
					]
				},
				"method": "POST",
				"header": [
					{
						"key": "Content-Type",
						"name": "Content-Type",
						"type": "text",
						"value": "application/json"
					}
				],
				"body": {
					"mode": "raw",
					"raw": "{\n    \"name\": \"Action\"\n}"
				},
				"url": {
					"raw": "http://localhost:10000/movie-service/genres",
					"protocol": "http",
					"host": [
						"localhost"
					],
					"port": "10000",
					"path": [
						"movie-service",
						"genres"
					]
				}
			},
			"response": []
		},
		{
			"name": "createGenre2",
			"event": [
				{
					"listen": "test",
					"script": {
						"id": "44e9f1b2-00a7-4ad9-9394-5e93a320a714",
						"exec": [
							"var jsonData = pm.response.json();",
							"pm.environment.set(\"genreId2\", jsonData.data.list[0].id);",
							"",
							"var code = pm.environment.get(\"genreId2\");",
							"console.log(code);",
							"",
							"pm.test(\"statusCodeTest\", function () {",
							"    var jsonData = pm.response.json();",
							"    pm.expect(jsonData.code).to.eql(201);",
							"    pm.expect(jsonData.status).to.eql(\"SUCCESS\");",
							"});"
						],
						"type": "text/javascript"
					}
				}
			],
			"request": {
				"auth": {
					"type": "bearer",
					"bearer": [
						{
							"key": "token",
							"value": "{{adminSessionToken}}",
							"type": "string"
						}
					]
				},
				"method": "POST",
				"header": [
					{
						"key": "Content-Type",
						"name": "Content-Type",
						"type": "text",
						"value": "application/json"
					}
				],
				"body": {
					"mode": "raw",
					"raw": "{\n    \"name\": \"Sci-fi\"\n}"
				},
				"url": {
					"raw": "http://localhost:10000/movie-service/genres",
					"protocol": "http",
					"host": [
						"localhost"
					],
					"port": "10000",
					"path": [
						"movie-service",
						"genres"
					]
				}
			},
			"response": []
		},
		{
			"name": "createMovie1",
			"event": [
				{
					"listen": "test",
					"script": {
						"id": "44e9f1b2-00a7-4ad9-9394-5e93a320a714",
						"exec": [
							"var jsonData = pm.response.json();",
							"pm.environment.set(\"movieId1\", jsonData.data.list[0].id);",
							"",
							"var code = pm.environment.get(\"movieId1\");",
							"console.log(code);",
							"",
							"pm.test(\"statusCodeTest\", function () {",
							"    var jsonData = pm.response.json();",
							"    pm.expect(jsonData.code).to.eql(201);",
							"    pm.expect(jsonData.status).to.eql(\"SUCCESS\");",
							"});"
						],
						"type": "text/javascript"
					}
				}
			],
			"request": {
				"auth": {
					"type": "bearer",
					"bearer": [
						{
							"key": "token",
							"value": "{{adminSessionToken}}",
							"type": "string"
						}
					]
				},
				"method": "POST",
				"header": [
					{
						"key": "Content-Type",
						"name": "Content-Type",
						"type": "text",
						"value": "application/json"
					}
				],
				"body": {
					"mode": "raw",
					"raw": "{\n    \"title\": \"Inception\",\n    \"posterUrl\": \"https://m.media-amazon.com/images/M/MV5BMjAxMzY3NjcxNF5BMl5BanBnXkFtZTcwNTI5OTM0Mw@@._V1_SX300.jpg\",\n    \"genre\": [{\"id\": \"{{genreId1}}\"}],\n    \"movieDuration\": 148,\n    \"ageLimit\": 15\n}"
				},
				"url": {
					"raw": "http://localhost:10000/movie-service/movies",
					"protocol": "http",
					"host": [
						"localhost"
					],
					"port": "10000",
					"path": [
						"movie-service",
						"movies"
					]
				}
			},
			"response": []
		},
		{
			"name": "createMovie2",
			"event": [
				{
					"listen": "test",
					"script": {
						"id": "44e9f1b2-00a7-4ad9-9394-5e93a320a714",
						"exec": [
							"var jsonData = pm.response.json();",
							"pm.environment.set(\"movieId2\", jsonData.data.list[0].id);",
							"",
							"var code = pm.environment.get(\"movieId2\");",
							"console.log(code);",
							"",
							"pm.test(\"statusCodeTest\", function () {",
							"    var jsonData = pm.response.json();",
							"    pm.expect(jsonData.code).to.eql(201);",
							"    pm.expect(jsonData.status).to.eql(\"SUCCESS\");",
							"});"
						],
						"type": "text/javascript"
					}
				}
			],
			"request": {
				"auth": {
					"type": "bearer",
					"bearer": [
						{
							"key": "token",
							"value": "{{adminSessionToken}}",
							"type": "string"
						}
					]
				},
				"method": "POST",
				"header": [
					{
						"key": "Content-Type",
						"name": "Content-Type",
						"type": "text",
						"value": "application/json"
					}
				],
				"body": {
					"mode": "raw",
					"raw": "{\n    \"title\": \"Avengers: Infinity War\",\n    \"posterUrl\": \"https://m.media-amazon.com/images/M/MV5BMjMxNjY2MDU1OV5BMl5BanBnXkFtZTgwNzY1MTUwNTM@._V1_SX300.jpg\",\n    \"genre\": [{\"id\": \"{{genreId1}}\"}, {\"id\": \"{{genreId2}}\"}],\n    \"movieDuration\": 149,\n    \"ageLimit\": 12\n}"
				},
				"url": {
					"raw": "http://localhost:10000/movie-service/movies",
					"protocol": "http",
					"host": [
						"localhost"
					],
					"port": "10000",
					"path": [
						"movie-service",
						"movies"
					]
				}
			},
			"response": []
		},
		{
			"name": "createMovie3",
			"event": [
				{
					"listen": "test",
					"script": {
						"id": "44e9f1b2-00a7-4ad9-9394-5e93a320a714",
						"exec": [
							"var jsonData = pm.response.json();",
							"pm.environment.set(\"movieId3\", jsonData.data.list[0].id);",
							"",
							"var code = pm.environment.get(\"movieId3\");",
							"console.log(code);",
							"",
							"pm.test(\"statusCodeTest\", function () {",
							"    var jsonData = pm.response.json();",
							"    pm.expect(jsonData.code).to.eql(201);",
							"    pm.expect(jsonData.status).to.eql(\"SUCCESS\");",
							"});"
						],
						"type": "text/javascript"
					}
				}
			],
			"request": {
				"auth": {
					"type": "bearer",
					"bearer": [
						{
							"key": "token",
							"value": "{{adminSessionToken}}",
							"type": "string"
						}
					]
				},
				"method": "POST",
				"header": [
					{
						"key": "Content-Type",
						"name": "Content-Type",
						"type": "text",
						"value": "application/json"
					}
				],
				"body": {
					"mode": "raw",
					"raw": "{\n    \"title\": \"Batman: The Dark Knight\",\n    \"posterUrl\": \"https://m.media-amazon.com/images/M/MV5BMTMxNTMwODM0NF5BMl5BanBnXkFtZTcwODAyMTk2Mw@@._V1_SX300.jpg\",\n    \"genre\": [{\"id\": \"{{genreId1}}\"}],\n    \"movieDuration\": 152,\n    \"ageLimit\": 15\n}"
				},
				"url": {
					"raw": "http://localhost:10000/movie-service/movies",
					"protocol": "http",
					"host": [
						"localhost"
					],
					"port": "10000",
					"path": [
						"movie-service",
						"movies"
					]
				}
			},
			"response": []
		},
		{
			"name": "createMovie4",
			"event": [
				{
					"listen": "test",
					"script": {
						"id": "44e9f1b2-00a7-4ad9-9394-5e93a320a714",
						"exec": [
							"var jsonData = pm.response.json();",
							"pm.environment.set(\"movieId4\", jsonData.data.list[0].id);",
							"",
							"var code = pm.environment.get(\"movieId4\");",
							"console.log(code);",
							"",
							"pm.test(\"statusCodeTest\", function () {",
							"    var jsonData = pm.response.json();",
							"    pm.expect(jsonData.code).to.eql(201);",
							"    pm.expect(jsonData.status).to.eql(\"SUCCESS\");",
							"});"
						],
						"type": "text/javascript"
					}
				}
			],
			"request": {
				"auth": {
					"type": "bearer",
					"bearer": [
						{
							"key": "token",
							"value": "{{adminSessionToken}}",
							"type": "string"
						}
					]
				},
				"method": "POST",
				"header": [
					{
						"key": "Content-Type",
						"name": "Content-Type",
						"type": "text",
						"value": "application/json"
					}
				],
				"body": {
					"mode": "raw",
					"raw": "{\n    \"title\": \"Star Wars: Episode IV - A New Hope\",\n    \"posterUrl\": \"https://m.media-amazon.com/images/M/MV5BNzVlY2MwMjktM2E4OS00Y2Y3LWE3ZjctYzhkZGM3YzA1ZWM2XkEyXkFqcGdeQXVyNzkwMjQ5NzM@._V1_SX300.jpg\",\n    \"genre\": [{\"id\": \"{{genreId2}}\"}],\n    \"movieDuration\": 121,\n    \"ageLimit\": 12\n}"
				},
				"url": {
					"raw": "http://localhost:10000/movie-service/movies",
					"protocol": "http",
					"host": [
						"localhost"
					],
					"port": "10000",
					"path": [
						"movie-service",
						"movies"
					]
				}
			},
			"response": []
		},
		{
			"name": "createMovie5",
			"event": [
				{
					"listen": "test",
					"script": {
						"id": "44e9f1b2-00a7-4ad9-9394-5e93a320a714",
						"exec": [
							"var jsonData = pm.response.json();",
							"pm.environment.set(\"movieId5\", jsonData.data.list[0].id);",
							"",
							"var code = pm.environment.get(\"movieId5\");",
							"console.log(code);",
							"",
							"pm.test(\"statusCodeTest\", function () {",
							"    var jsonData = pm.response.json();",
							"    pm.expect(jsonData.code).to.eql(201);",
							"    pm.expect(jsonData.status).to.eql(\"SUCCESS\");",
							"});"
						],
						"type": "text/javascript"
					}
				}
			],
			"request": {
				"auth": {
					"type": "bearer",
					"bearer": [
						{
							"key": "token",
							"value": "{{adminSessionToken}}",
							"type": "string"
						}
					]
				},
				"method": "POST",
				"header": [
					{
						"key": "Content-Type",
						"name": "Content-Type",
						"type": "text",
						"value": "application/json"
					}
				],
				"body": {
					"mode": "raw",
					"raw": "{\n    \"title\": \"Star Trek: Discovery\",\n    \"posterUrl\": \"https://m.media-amazon.com/images/M/MV5BMTg1MzY1MTY3NV5BMl5BanBnXkFtZTgwMjcwNDU0NjM@._V1_SY1000_CR0,0,675,1000_AL_.jpg\",\n    \"genre\": [{\"id\": \"{{genreId2}}\"}],\n    \"movieDuration\": 60,\n    \"ageLimit\": 16\n}"
				},
				"url": {
					"raw": "http://localhost:10000/movie-service/movies",
					"protocol": "http",
					"host": [
						"localhost"
					],
					"port": "10000",
					"path": [
						"movie-service",
						"movies"
					]
				}
			},
			"response": []
		},
		{
			"name": "createMovie6",
			"event": [
				{
					"listen": "test",
					"script": {
						"id": "44e9f1b2-00a7-4ad9-9394-5e93a320a714",
						"exec": [
							"var jsonData = pm.response.json();",
							"pm.environment.set(\"movieId6\", jsonData.data.list[0].id);",
							"",
							"var code = pm.environment.get(\"movieId6\");",
							"console.log(code);",
							"",
							"pm.test(\"statusCodeTest\", function () {",
							"    var jsonData = pm.response.json();",
							"    pm.expect(jsonData.code).to.eql(201);",
							"    pm.expect(jsonData.status).to.eql(\"SUCCESS\");",
							"});"
						],
						"type": "text/javascript"
					}
				}
			],
			"request": {
				"auth": {
					"type": "bearer",
					"bearer": [
						{
							"key": "token",
							"value": "{{adminSessionToken}}",
							"type": "string"
						}
					]
				},
				"method": "POST",
				"header": [
					{
						"key": "Content-Type",
						"name": "Content-Type",
						"type": "text",
						"value": "application/json"
					}
				],
				"body": {
					"mode": "raw",
					"raw": "{\n    \"title\": \"Avatar\",\n    \"posterUrl\": \"https://m.media-amazon.com/images/M/MV5BMTYwOTEwNjAzMl5BMl5BanBnXkFtZTcwODc5MTUwMw@@._V1_.jpg\",\n    \"genre\": [{\"id\": \"{{genreId2}}\"}, {\"id\": \"{{genreId1}}\"}],\n    \"movieDuration\": 162,\n    \"ageLimit\": 11\n}"
				},
				"url": {
					"raw": "http://localhost:10000/movie-service/movies",
					"protocol": "http",
					"host": [
						"localhost"
					],
					"port": "10000",
					"path": [
						"movie-service",
						"movies"
					]
				}
			},
			"response": []
		},
		{
			"name": "createNowPlaying1",
			"event": [
				{
					"listen": "test",
					"script": {
						"id": "44e9f1b2-00a7-4ad9-9394-5e93a320a714",
						"exec": [
							"var jsonData = pm.response.json();",
							"pm.environment.set(\"nowPlayingId1\", jsonData.data.list[0].id);",
							"",
							"var code = pm.environment.get(\"nowPlayingId1\");",
							"console.log(code);",
							"",
							"pm.test(\"statusCodeTest\", function () {",
							"    var jsonData = pm.response.json();",
							"    pm.expect(jsonData.code).to.eql(201);",
							"    pm.expect(jsonData.status).to.eql(\"SUCCESS\");",
							"});"
						],
						"type": "text/javascript"
					}
				}
			],
			"request": {
				"auth": {
					"type": "bearer",
					"bearer": [
						{
							"key": "token",
							"value": "{{adminSessionToken}}",
							"type": "string"
						}
					]
				},
				"method": "POST",
				"header": [
					{
						"key": "Content-Type",
						"name": "Content-Type",
						"type": "text",
						"value": "application/json"
					}
				],
				"body": {
					"mode": "raw",
					"raw": "{\n    \"movieDto\": {\"id\": \"{{movieId1}}\"},\n    \"roomId\": \"{{roomId11}}\",\n    \"cinemaId\": \"{{cinemaId1}}\",\n    \"time\": \"2018-12-28 19:30:00\"\n}"
				},
				"url": {
					"raw": "http://localhost:10000/movie-service/now-playings",
					"protocol": "http",
					"host": [
						"localhost"
					],
					"port": "10000",
					"path": [
						"movie-service",
						"now-playings"
					]
				}
			},
			"response": []
		},
		{
			"name": "createNowPlaying2",
			"event": [
				{
					"listen": "test",
					"script": {
						"id": "44e9f1b2-00a7-4ad9-9394-5e93a320a714",
						"exec": [
							"var jsonData = pm.response.json();",
							"pm.environment.set(\"nowPlayingId2\", jsonData.data.list[0].id);",
							"",
							"var code = pm.environment.get(\"nowPlayingId2\");",
							"console.log(code);",
							"",
							"pm.test(\"statusCodeTest\", function () {",
							"    var jsonData = pm.response.json();",
							"    pm.expect(jsonData.code).to.eql(201);",
							"    pm.expect(jsonData.status).to.eql(\"SUCCESS\");",
							"});"
						],
						"type": "text/javascript"
					}
				}
			],
			"request": {
				"auth": {
					"type": "bearer",
					"bearer": [
						{
							"key": "token",
							"value": "{{adminSessionToken}}",
							"type": "string"
						}
					]
				},
				"method": "POST",
				"header": [
					{
						"key": "Content-Type",
						"name": "Content-Type",
						"type": "text",
						"value": "application/json"
					}
				],
				"body": {
					"mode": "raw",
					"raw": "{\n    \"movieDto\": {\"id\": \"{{movieId2}}\"},\n    \"roomId\": \"{{roomId12}}\",\n    \"cinemaId\": \"{{cinemaId1}}\",\n    \"time\": \"2018-12-28 18:00:00\"\n}"
				},
				"url": {
					"raw": "http://localhost:10000/movie-service/now-playings",
					"protocol": "http",
					"host": [
						"localhost"
					],
					"port": "10000",
					"path": [
						"movie-service",
						"now-playings"
					]
				}
			},
			"response": []
		},
		{
			"name": "createNowPlaying3",
			"event": [
				{
					"listen": "test",
					"script": {
						"id": "44e9f1b2-00a7-4ad9-9394-5e93a320a714",
						"exec": [
							"var jsonData = pm.response.json();",
							"pm.environment.set(\"nowPlayingId3\", jsonData.data.list[0].id);",
							"",
							"var code = pm.environment.get(\"nowPlayingId3\");",
							"console.log(code);",
							"",
							"pm.test(\"statusCodeTest\", function () {",
							"    var jsonData = pm.response.json();",
							"    pm.expect(jsonData.code).to.eql(201);",
							"    pm.expect(jsonData.status).to.eql(\"SUCCESS\");",
							"});"
						],
						"type": "text/javascript"
					}
				}
			],
			"request": {
				"auth": {
					"type": "bearer",
					"bearer": [
						{
							"key": "token",
							"value": "{{adminSessionToken}}",
							"type": "string"
						}
					]
				},
				"method": "POST",
				"header": [
					{
						"key": "Content-Type",
						"name": "Content-Type",
						"type": "text",
						"value": "application/json"
					}
				],
				"body": {
					"mode": "raw",
					"raw": "{\n    \"movieDto\": {\"id\": \"{{movieId3}}\"},\n    \"roomId\": \"{{roomId11}}\",\n    \"cinemaId\": \"{{cinemaId1}}\",\n    \"time\": \"2018-12-27 15:00:00\"\n}"
				},
				"url": {
					"raw": "http://localhost:10000/movie-service/now-playings",
					"protocol": "http",
					"host": [
						"localhost"
					],
					"port": "10000",
					"path": [
						"movie-service",
						"now-playings"
					]
				}
			},
			"response": []
		},
		{
			"name": "createNowPlaying4",
			"event": [
				{
					"listen": "test",
					"script": {
						"id": "44e9f1b2-00a7-4ad9-9394-5e93a320a714",
						"exec": [
							"var jsonData = pm.response.json();",
							"pm.environment.set(\"nowPlayingId4\", jsonData.data.list[0].id);",
							"",
							"var code = pm.environment.get(\"nowPlayingId4\");",
							"console.log(code);",
							"",
							"pm.test(\"statusCodeTest\", function () {",
							"    var jsonData = pm.response.json();",
							"    pm.expect(jsonData.code).to.eql(201);",
							"    pm.expect(jsonData.status).to.eql(\"SUCCESS\");",
							"});"
						],
						"type": "text/javascript"
					}
				}
			],
			"request": {
				"auth": {
					"type": "bearer",
					"bearer": [
						{
							"key": "token",
							"value": "{{adminSessionToken}}",
							"type": "string"
						}
					]
				},
				"method": "POST",
				"header": [
					{
						"key": "Content-Type",
						"name": "Content-Type",
						"type": "text",
						"value": "application/json"
					}
				],
				"body": {
					"mode": "raw",
					"raw": "{\n    \"movieDto\": {\"id\": \"{{movieId1}}\"},\n    \"roomId\": \"{{roomId12}}\",\n    \"cinemaId\": \"{{cinemaId1}}\",\n    \"time\": \"2018-12-27 20:00:00\"\n}"
				},
				"url": {
					"raw": "http://localhost:10000/movie-service/now-playings",
					"protocol": "http",
					"host": [
						"localhost"
					],
					"port": "10000",
					"path": [
						"movie-service",
						"now-playings"
					]
				}
			},
			"response": []
		},
		{
			"name": "createNowPlaying5",
			"event": [
				{
					"listen": "test",
					"script": {
						"id": "44e9f1b2-00a7-4ad9-9394-5e93a320a714",
						"exec": [
							"var jsonData = pm.response.json();",
							"pm.environment.set(\"nowPlayingId5\", jsonData.data.list[0].id);",
							"",
							"var code = pm.environment.get(\"nowPlayingId5\");",
							"console.log(code);",
							"",
							"pm.test(\"statusCodeTest\", function () {",
							"    var jsonData = pm.response.json();",
							"    pm.expect(jsonData.code).to.eql(201);",
							"    pm.expect(jsonData.status).to.eql(\"SUCCESS\");",
							"});"
						],
						"type": "text/javascript"
					}
				}
			],
			"request": {
				"auth": {
					"type": "bearer",
					"bearer": [
						{
							"key": "token",
							"value": "{{adminSessionToken}}",
							"type": "string"
						}
					]
				},
				"method": "POST",
				"header": [
					{
						"key": "Content-Type",
						"name": "Content-Type",
						"type": "text",
						"value": "application/json"
					}
				],
				"body": {
					"mode": "raw",
					"raw": "{\n    \"movieDto\": {\"id\": \"{{movieId2}}\"},\n    \"roomId\": \"{{roomId11}}\",\n    \"cinemaId\": \"{{cinemaId1}}\",\n    \"time\": \"2018-12-26 18:30:00\"\n}"
				},
				"url": {
					"raw": "http://localhost:10000/movie-service/now-playings",
					"protocol": "http",
					"host": [
						"localhost"
					],
					"port": "10000",
					"path": [
						"movie-service",
						"now-playings"
					]
				}
			},
			"response": []
		},
		{
			"name": "createNowPlaying6",
			"event": [
				{
					"listen": "test",
					"script": {
						"id": "44e9f1b2-00a7-4ad9-9394-5e93a320a714",
						"exec": [
							"var jsonData = pm.response.json();",
							"pm.environment.set(\"nowPlayingId6\", jsonData.data.list[0].id);",
							"",
							"var code = pm.environment.get(\"nowPlayingId6\");",
							"console.log(code);",
							"",
							"pm.test(\"statusCodeTest\", function () {",
							"    var jsonData = pm.response.json();",
							"    pm.expect(jsonData.code).to.eql(201);",
							"    pm.expect(jsonData.status).to.eql(\"SUCCESS\");",
							"});"
						],
						"type": "text/javascript"
					}
				}
			],
			"request": {
				"auth": {
					"type": "bearer",
					"bearer": [
						{
							"key": "token",
							"value": "{{adminSessionToken}}",
							"type": "string"
						}
					]
				},
				"method": "POST",
				"header": [
					{
						"key": "Content-Type",
						"name": "Content-Type",
						"type": "text",
						"value": "application/json"
					}
				],
				"body": {
					"mode": "raw",
					"raw": "{\n    \"movieDto\": {\"id\": \"{{movieId3}}\"},\n    \"roomId\": \"{{roomId12}}\",\n    \"cinemaId\": \"{{cinemaId1}}\",\n    \"time\": \"2018-12-26 20:00:00\"\n}"
				},
				"url": {
					"raw": "http://localhost:10000/movie-service/now-playings",
					"protocol": "http",
					"host": [
						"localhost"
					],
					"port": "10000",
					"path": [
						"movie-service",
						"now-playings"
					]
				}
			},
			"response": []
		},
		{
			"name": "createNowPlaying7",
			"event": [
				{
					"listen": "test",
					"script": {
						"id": "44e9f1b2-00a7-4ad9-9394-5e93a320a714",
						"exec": [
							"var jsonData = pm.response.json();",
							"pm.environment.set(\"nowPlayingId7\", jsonData.data.list[0].id);",
							"",
							"var code = pm.environment.get(\"nowPlayingId7\");",
							"console.log(code);",
							"",
							"pm.test(\"statusCodeTest\", function () {",
							"    var jsonData = pm.response.json();",
							"    pm.expect(jsonData.code).to.eql(201);",
							"    pm.expect(jsonData.status).to.eql(\"SUCCESS\");",
							"});"
						],
						"type": "text/javascript"
					}
				}
			],
			"request": {
				"auth": {
					"type": "bearer",
					"bearer": [
						{
							"key": "token",
							"value": "{{adminSessionToken}}",
							"type": "string"
						}
					]
				},
				"method": "POST",
				"header": [
					{
						"key": "Content-Type",
						"name": "Content-Type",
						"type": "text",
						"value": "application/json"
					}
				],
				"body": {
					"mode": "raw",
					"raw": "{\n    \"movieDto\": {\"id\": \"{{movieId4}}\"},\n    \"roomId\": \"{{roomId21}}\",\n    \"cinemaId\": \"{{cinemaId2}}\",\n    \"time\": \"2018-12-28 17:45:00\"\n}"
				},
				"url": {
					"raw": "http://localhost:10000/movie-service/now-playings",
					"protocol": "http",
					"host": [
						"localhost"
					],
					"port": "10000",
					"path": [
						"movie-service",
						"now-playings"
					]
				}
			},
			"response": []
		},
		{
			"name": "createNowPlaying8",
			"event": [
				{
					"listen": "test",
					"script": {
						"id": "44e9f1b2-00a7-4ad9-9394-5e93a320a714",
						"exec": [
							"var jsonData = pm.response.json();",
							"pm.environment.set(\"nowPlayingId8\", jsonData.data.list[0].id);",
							"",
							"var code = pm.environment.get(\"nowPlayingId8\");",
							"console.log(code);",
							"",
							"pm.test(\"statusCodeTest\", function () {",
							"    var jsonData = pm.response.json();",
							"    pm.expect(jsonData.code).to.eql(201);",
							"    pm.expect(jsonData.status).to.eql(\"SUCCESS\");",
							"});"
						],
						"type": "text/javascript"
					}
				}
			],
			"request": {
				"auth": {
					"type": "bearer",
					"bearer": [
						{
							"key": "token",
							"value": "{{adminSessionToken}}",
							"type": "string"
						}
					]
				},
				"method": "POST",
				"header": [
					{
						"key": "Content-Type",
						"name": "Content-Type",
						"type": "text",
						"value": "application/json"
					}
				],
				"body": {
					"mode": "raw",
					"raw": "{\n    \"movieDto\": {\"id\": \"{{movieId5}}\"},\n    \"roomId\": \"{{roomId22}}\",\n    \"cinemaId\": \"{{cinemaId2}}\",\n    \"time\": \"2018-12-28 13:00:00\"\n}"
				},
				"url": {
					"raw": "http://localhost:10000/movie-service/now-playings",
					"protocol": "http",
					"host": [
						"localhost"
					],
					"port": "10000",
					"path": [
						"movie-service",
						"now-playings"
					]
				}
			},
			"response": []
		},
		{
			"name": "createNowPlaying9",
			"event": [
				{
					"listen": "test",
					"script": {
						"id": "44e9f1b2-00a7-4ad9-9394-5e93a320a714",
						"exec": [
							"var jsonData = pm.response.json();",
							"pm.environment.set(\"nowPlayingId9\", jsonData.data.list[0].id);",
							"",
							"var code = pm.environment.get(\"nowPlayingId9\");",
							"console.log(code);",
							"",
							"pm.test(\"statusCodeTest\", function () {",
							"    var jsonData = pm.response.json();",
							"    pm.expect(jsonData.code).to.eql(201);",
							"    pm.expect(jsonData.status).to.eql(\"SUCCESS\");",
							"});"
						],
						"type": "text/javascript"
					}
				}
			],
			"request": {
				"auth": {
					"type": "bearer",
					"bearer": [
						{
							"key": "token",
							"value": "{{adminSessionToken}}",
							"type": "string"
						}
					]
				},
				"method": "POST",
				"header": [
					{
						"key": "Content-Type",
						"name": "Content-Type",
						"type": "text",
						"value": "application/json"
					}
				],
				"body": {
					"mode": "raw",
					"raw": "{\n    \"movieDto\": {\"id\": \"{{movieId6}}\"},\n    \"roomId\": \"{{roomId21}}\",\n    \"cinemaId\": \"{{cinemaId2}}\",\n    \"time\": \"2018-12-27 20:00:00\"\n}"
				},
				"url": {
					"raw": "http://localhost:10000/movie-service/now-playings",
					"protocol": "http",
					"host": [
						"localhost"
					],
					"port": "10000",
					"path": [
						"movie-service",
						"now-playings"
					]
				}
			},
			"response": []
		},
		{
			"name": "createNowPlaying10",
			"event": [
				{
					"listen": "test",
					"script": {
						"id": "44e9f1b2-00a7-4ad9-9394-5e93a320a714",
						"exec": [
							"var jsonData = pm.response.json();",
							"pm.environment.set(\"nowPlayingId10\", jsonData.data.list[0].id);",
							"",
							"var code = pm.environment.get(\"nowPlayingId10\");",
							"console.log(code);",
							"",
							"pm.test(\"statusCodeTest\", function () {",
							"    var jsonData = pm.response.json();",
							"    pm.expect(jsonData.code).to.eql(201);",
							"    pm.expect(jsonData.status).to.eql(\"SUCCESS\");",
							"});"
						],
						"type": "text/javascript"
					}
				}
			],
			"request": {
				"auth": {
					"type": "bearer",
					"bearer": [
						{
							"key": "token",
							"value": "{{adminSessionToken}}",
							"type": "string"
						}
					]
				},
				"method": "POST",
				"header": [
					{
						"key": "Content-Type",
						"name": "Content-Type",
						"type": "text",
						"value": "application/json"
					}
				],
				"body": {
					"mode": "raw",
					"raw": "{\n    \"movieDto\": {\"id\": \"{{movieId4}}\"},\n    \"roomId\": \"{{roomId22}}\",\n    \"cinemaId\": \"{{cinemaId2}}\",\n    \"time\": \"2018-12-27 15:10:00\"\n}"
				},
				"url": {
					"raw": "http://localhost:10000/movie-service/now-playings",
					"protocol": "http",
					"host": [
						"localhost"
					],
					"port": "10000",
					"path": [
						"movie-service",
						"now-playings"
					]
				}
			},
			"response": []
		},
		{
			"name": "createNowPlaying11",
			"event": [
				{
					"listen": "test",
					"script": {
						"id": "44e9f1b2-00a7-4ad9-9394-5e93a320a714",
						"exec": [
							"var jsonData = pm.response.json();",
							"pm.environment.set(\"nowPlayingId11\", jsonData.data.list[0].id);",
							"",
							"var code = pm.environment.get(\"nowPlayingId11\");",
							"console.log(code);",
							"",
							"pm.test(\"statusCodeTest\", function () {",
							"    var jsonData = pm.response.json();",
							"    pm.expect(jsonData.code).to.eql(201);",
							"    pm.expect(jsonData.status).to.eql(\"SUCCESS\");",
							"});"
						],
						"type": "text/javascript"
					}
				}
			],
			"request": {
				"auth": {
					"type": "bearer",
					"bearer": [
						{
							"key": "token",
							"value": "{{adminSessionToken}}",
							"type": "string"
						}
					]
				},
				"method": "POST",
				"header": [
					{
						"key": "Content-Type",
						"name": "Content-Type",
						"type": "text",
						"value": "application/json"
					}
				],
				"body": {
					"mode": "raw",
					"raw": "{\n    \"movieDto\": {\"id\": \"{{movieId5}}\"},\n    \"roomId\": \"{{roomId21}}\",\n    \"cinemaId\": \"{{cinemaId2}}\",\n    \"time\": \"2018-12-26 20:15:00\"\n}"
				},
				"url": {
					"raw": "http://localhost:10000/movie-service/now-playings",
					"protocol": "http",
					"host": [
						"localhost"
					],
					"port": "10000",
					"path": [
						"movie-service",
						"now-playings"
					]
				}
			},
			"response": []
		},
		{
			"name": "createNowPlaying12",
			"event": [
				{
					"listen": "test",
					"script": {
						"id": "44e9f1b2-00a7-4ad9-9394-5e93a320a714",
						"exec": [
							"var jsonData = pm.response.json();",
							"pm.environment.set(\"nowPlayingId12\", jsonData.data.list[0].id);",
							"",
							"var code = pm.environment.get(\"nowPlayingId12\");",
							"console.log(code);",
							"",
							"pm.test(\"statusCodeTest\", function () {",
							"    var jsonData = pm.response.json();",
							"    pm.expect(jsonData.code).to.eql(201);",
							"    pm.expect(jsonData.status).to.eql(\"SUCCESS\");",
							"});"
						],
						"type": "text/javascript"
					}
				}
			],
			"request": {
				"auth": {
					"type": "bearer",
					"bearer": [
						{
							"key": "token",
							"value": "{{adminSessionToken}}",
							"type": "string"
						}
					]
				},
				"method": "POST",
				"header": [
					{
						"key": "Content-Type",
						"name": "Content-Type",
						"type": "text",
						"value": "application/json"
					}
				],
				"body": {
					"mode": "raw",
					"raw": "{\n    \"movieDto\": {\"id\": \"{{movieId6}}\"},\n    \"roomId\": \"{{roomId22}}\",\n    \"cinemaId\": \"{{cinemaId2}}\",\n    \"time\": \"2018-12-26 18:00:00\"\n}"
				},
				"url": {
					"raw": "http://localhost:10000/movie-service/now-playings",
					"protocol": "http",
					"host": [
						"localhost"
					],
					"port": "10000",
					"path": [
						"movie-service",
						"now-playings"
					]
				}
			},
			"response": []
		},
		{
			"name": "createCoupon",
			"event": [
				{
					"listen": "test",
					"script": {
						"id": "44e9f1b2-00a7-4ad9-9394-5e93a320a714",
						"exec": [
							"var jsonData = pm.response.json();",
							"pm.environment.set(\"nowPlayingId12\", jsonData.data.list[0].id);",
							"",
							"var code = pm.environment.get(\"nowPlayingId12\");",
							"console.log(code);",
							"",
							"pm.test(\"statusCodeTest\", function () {",
							"    var jsonData = pm.response.json();",
							"    pm.expect(jsonData.code).to.eql(201);",
							"    pm.expect(jsonData.status).to.eql(\"SUCCESS\");",
							"});"
						],
						"type": "text/javascript"
					}
				}
			],
			"request": {
				"auth": {
					"type": "bearer",
					"bearer": [
						{
							"key": "token",
							"value": "{{adminSessionToken}}",
							"type": "string"
						}
					]
				},
				"method": "POST",
				"header": [
					{
						"key": "Content-Type",
						"name": "Content-Type",
						"type": "text",
						"value": "application/json"
					}
				],
				"body": {
					"mode": "raw",
					"raw": "{\n    \"code\": \"exam2018\",\n    \"description\": \"Christmas is coming!...\",\n    \"expireAt\": \"2019-03-01 12:00:00\",\n    \"percentage\": 20\n}"
				},
				"url": {
					"raw": "http://localhost:10000/order-service/coupons",
					"protocol": "http",
					"host": [
						"localhost"
					],
					"port": "10000",
					"path": [
						"order-service",
						"coupons"
					]
				}
			},
			"response": []
		},
		{
			"name": "createUser",
			"event": [
				{
					"listen": "test",
					"script": {
						"id": "44e9f1b2-00a7-4ad9-9394-5e93a320a714",
						"exec": [
							"var cookie = postman.getResponseCookie(\"SESSION\");",
							"",
							"pm.environment.set(\"userSessionToken\", cookie.value);",
							"console.log(pm.environment.get(\"userSessionToken\"));"
						],
						"type": "text/javascript"
					}
				}
			],
			"request": {
				"auth": {
					"type": "noauth"
				},
				"method": "POST",
				"header": [
					{
						"key": "Accept",
						"type": "text",
						"value": "application/json"
					},
					{
						"key": "Content-Type",
						"name": "Content-Type",
						"type": "text",
						"value": "application/json"
					}
				],
				"body": {
					"mode": "raw",
					"raw": "{\n\t\"password\": \"foo\",\n\t\"userInfo\": {\n\t\t\"username\": \"foo\",\n\t\t\"dateOfBirth\": \"2000-01-01\",\n\t\t\"name\": \"Foo\",\n\t\t\"email\": \"foo@gmail.com\"\n\t}\n}"
				},
				"url": {
					"raw": "http://localhost:10000/auth-service/signup",
					"protocol": "http",
					"host": [
						"localhost"
					],
					"port": "10000",
					"path": [
						"auth-service",
						"signup"
					]
				}
			},
			"response": []
		}
	],
	"auth": {
		"type": "basic",
		"basic": [
			{
				"key": "password",
				"value": "admin",
				"type": "string"
			},
			{
				"key": "username",
				"value": "admin",
				"type": "string"
			}
		]
	},
	"event": [
		{
			"listen": "prerequest",
			"script": {
				"id": "1d26d9ec-af37-4663-9760-e997c6668c38",
				"type": "text/javascript",
				"exec": [
					""
				]
			}
		},
		{
			"listen": "test",
			"script": {
				"id": "b28162c6-a296-44a7-a0dc-be84d2bbf576",
				"type": "text/javascript",
				"exec": [
					""
				]
			}
		}
	],
	"variable": [
		{
			"id": "390a741b-8ccc-4245-b173-1576bf17d273",
			"key": "cinemaId1",
			"value": "",
			"type": "string",
			"disabled": true
		},
		{
			"id": "f3ec6fce-cada-4659-a6a4-ed769b6d24ce",
			"key": "cinemaId2",
			"value": "",
			"type": "string",
			"disabled": true
		},
		{
			"id": "6f2e2492-c394-4b6e-b5ce-37d859981e23",
			"key": "roomId11",
			"value": "",
			"type": "string",
			"disabled": true
		},
		{
			"id": "5793d173-fc27-40a1-add9-cfa07a4c670e",
			"key": "roomId12",
			"value": "",
			"type": "string",
			"disabled": true
		},
		{
			"id": "7d6d792f-8708-4c94-a794-efcab6b2bd05",
			"key": "roomId21",
			"value": "",
			"type": "string",
			"disabled": true
		},
		{
			"id": "0d69384c-d5fc-490a-b25c-26599524188c",
			"key": "roomId22",
			"value": "",
			"type": "string",
			"disabled": true
		},
		{
			"id": "7809c06d-911f-4e36-95ab-869c5b8af9e3",
			"key": "testStatusCode",
			"value": "",
			"type": "string",
			"disabled": true
		}
	]
}